{
    "media_manager_audio": {
        "type": "FieldtypeFile",
        "flags": 0,
        "name": "media_manager_audio",
        "label": "Media Manager: Audio",
        "maxFiles": 1,
        "extensions": "mp3 wav ogg m4a m4p flac wma",
        "outputFormat": 2,
        "tags": "-mediamanager",
        "fileSchema": 7,
        "textformatters": [
            "TextformatterEntities"
        ],
        "defaultValuePage": "",
        "useTags": 1,
        "inputfieldClass": "InputfieldFile",
        "descriptionRows": 1,
        "collapsed": 0,
        "outputString": "",
        "entityEncode": "",
        "tagsList": "",
        "showIf": "",
        "themeOffset": "",
        "themeBorder": "",
        "themeColor": "",
        "columnWidth": 100,
        "required": "",
        "requiredIf": "",
        "unzip": "",
        "overwrite": ""
    },
    "media_manager_document": {
        "type": "FieldtypeFile",
        "flags": 0,
        "name": "media_manager_document",
        "label": "Media Manager: Document",
        "maxFiles": 1,
        "extensions": "pdf doc docx xls xlsx",
        "outputFormat": 2,
        "tags": "-mediamanager",
        "fileSchema": 7,
        "textformatters": [
            "TextformatterEntities"
        ],
        "defaultValuePage": "",
        "useTags": 1,
        "inputfieldClass": "InputfieldFile",
        "descriptionRows": 1,
        "collapsed": 0,
        "outputString": "",
        "entityEncode": "",
        "tagsList": "",
        "showIf": "",
        "themeOffset": "",
        "themeBorder": "",
        "themeColor": "",
        "columnWidth": 100,
        "required": "",
        "requiredIf": "",
        "unzip": "",
        "overwrite": ""
    },
    "media_manager_image": {
        "type": "FieldtypeImage",
        "flags": 0,
        "name": "media_manager_image",
        "label": "Media Manager: Image",
        "maxFiles": 0,
        "extensions": "gif jpg jpeg png svg",
        "outputFormat": 0,
        "description": "The first image here will be used as the thumbnail in your Media Manager Library.",
        "tags": "-mediamanager",
        "fileSchema": 7,
        "maxWidth": 9000,
        "textformatters": [
            "TextformatterEntities"
        ],
        "defaultValuePage": "",
        "useTags": 1,
        "inputfieldClass": "InputfieldImage",
        "descriptionRows": 1,
        "gridMode": "grid",
        "resizeServer": 0,
        "clientQuality": 90,
        "maxHeight": 9000,
        "collapsed": 0,
        "focusMode": "on",
        "outputString": "",
        "entityEncode": "",
        "tagsList": "",
        "showIf": "",
        "themeOffset": "",
        "themeBorder": "",
        "themeColor": "",
        "columnWidth": 100,
        "required": "",
        "requiredIf": "",
        "unzip": "",
        "overwrite": "",
        "maxSize": "",
        "maxReject": "",
        "minWidth": "",
        "minHeight": "",
        "dimensionsByAspectRatio": ""
    },
    "media_manager_settings": {
        "type": "FieldtypeTextarea",
        "flags": 0,
        "name": "media_manager_settings",
        "label": "Media Manager: Settings",
        "collapsed": 5,
        "rows": 10,
        "contentType": 0,
        "tags": "-mediamanager",
        "inputfieldClass": "InputfieldTextarea",
        "minlength": 0,
        "maxlength": 0,
        "showCount": 0,
        "textformatters": "",
        "htmlOptions": "",
        "showIf": "",
        "themeInputSize": "",
        "themeOffset": "",
        "themeBorder": "",
        "themeColor": "",
        "themeBlank": "",
        "columnWidth": 100,
        "required": "",
        "requiredAttr": "",
        "requiredIf": "",
        "stripTags": "",
        "placeholder": ""
    },
    "media_manager_video": {
        "type": "FieldtypeFile",
        "flags": 0,
        "name": "media_manager_video",
        "label": "Media Manager: Video",
        "maxFiles": 1,
        "extensions": "mp4 avi mkv mpeg mov wmv m4v",
        "outputFormat": 2,
        "tags": "-mediamanager",
        "fileSchema": 7,
        "textformatters": [
            "TextformatterEntities"
        ],
        "defaultValuePage": "",
        "useTags": 1,
        "inputfieldClass": "InputfieldFile",
        "descriptionRows": 1,
        "collapsed": 0,
        "outputString": "",
        "entityEncode": "",
        "tagsList": "",
        "showIf": "",
        "themeOffset": "",
        "themeBorder": "",
        "themeColor": "",
        "columnWidth": 100,
        "required": "",
        "requiredIf": "",
        "unzip": "",
        "overwrite": ""
    }
}