{
    "media-manager": {
        "name": "media-manager",
        "fieldgroups_id": "media-manager",
        "flags": 0,
        "cache_time": 0,
        "useRoles": 1,
        "editRoles": [],
        "addRoles": [],
        "createRoles": [],
        "rolesPermissions": [],
        "noInherit": 0,
        "childrenTemplatesID": 0,
        "sortfield": "",
        "noChildren": "",
        "noParents": "",
        "childTemplates": [
            "media-manager-audio",
            "media-manager-document",
            "media-manager-image",
            "media-manager-video"
        ],
        "parentTemplates": [
            "admin"
        ],
        "allowPageNum": 0,
        "allowChangeUser": 0,
        "redirectLogin": 0,
        "urlSegments": 0,
        "https": 0,
        "slashUrls": 1,
        "slashPageNum": 0,
        "slashUrlSegments": 0,
        "altFilename": "",
        "guestSearchable": 1,
        "pageClass": "",
        "childNameFormat": "",
        "pageLabelField": "",
        "noGlobal": 0,
        "noMove": 0,
        "noTrash": 0,
        "noSettings": 0,
        "noChangeTemplate": 0,
        "noShortcut": 1,
        "noUnpublish": 0,
        "noLang": 0,
        "compile": 3,
        "nameContentTab": 0,
        "noCacheGetVars": "",
        "noCachePostVars": "",
        "useCacheForUsers": 0,
        "cacheExpire": 0,
        "cacheExpirePages": [],
        "cacheExpireSelector": "",
        "label": "Media Manager",
        "tags": "-mediamanager",
        "titleNames": 0,
        "noPrependTemplateFile": 0,
        "noAppendTemplateFile": 0,
        "prependFile": "",
        "appendFile": "",
        "tabContent": "",
        "tabChildren": "",
        "nameLabel": "",
        "contentType": "",
        "errorAction": 0,
        "ns": "ProcessWire",
        "_exportMode": true,
        "roles": [],
        "fieldgroupFields": [
            "title"
        ],
        "fieldgroupContexts": {
            "title": []
        }
    },
    "media-manager-audio": {
        "name": "media-manager-audio",
        "fieldgroups_id": "media-manager-audio",
        "flags": 0,
        "cache_time": 0,
        "useRoles": 1,
        "editRoles": [],
        "addRoles": [],
        "createRoles": [],
        "rolesPermissions": [],
        "noInherit": 0,
        "childrenTemplatesID": 0,
        "sortfield": "",
        "noChildren": 1,
        "noParents": "",
        "childTemplates": [],
        "parentTemplates": [
            "media-manager"
        ],
        "allowPageNum": 0,
        "allowChangeUser": 0,
        "redirectLogin": 0,
        "urlSegments": 0,
        "https": 0,
        "slashUrls": 1,
        "slashPageNum": 0,
        "slashUrlSegments": 0,
        "altFilename": "",
        "guestSearchable": 1,
        "pageClass": "",
        "childNameFormat": "",
        "pageLabelField": "",
        "noGlobal": 0,
        "noMove": 0,
        "noTrash": 0,
        "noSettings": 0,
        "noChangeTemplate": 0,
        "noShortcut": 1,
        "noUnpublish": 0,
        "noLang": 0,
        "compile": 3,
        "nameContentTab": 0,
        "noCacheGetVars": "",
        "noCachePostVars": "",
        "useCacheForUsers": 0,
        "cacheExpire": 0,
        "cacheExpirePages": [],
        "cacheExpireSelector": "",
        "label": "Media Manager: Audio",
        "tags": "-mediamanager",
        "titleNames": 0,
        "noPrependTemplateFile": 0,
        "noAppendTemplateFile": 0,
        "prependFile": "",
        "appendFile": "",
        "tabContent": "",
        "tabChildren": "",
        "nameLabel": "",
        "contentType": "",
        "errorAction": 0,
        "ns": "",
        "_exportMode": true,
        "roles": [],
        "fieldgroupFields": [
            "title",
            "media_manager_audio"
        ],
        "fieldgroupContexts": {
            "title": [],
            "media_manager_audio": []
        }
    },
    "media-manager-document": {
        "name": "media-manager-document",
        "fieldgroups_id": "media-manager-document",
        "flags": 0,
        "cache_time": 0,
        "useRoles": 1,
        "editRoles": [],
        "addRoles": [],
        "createRoles": [],
        "rolesPermissions": [],
        "noInherit": 0,
        "childrenTemplatesID": 0,
        "sortfield": "",
        "noChildren": 1,
        "noParents": "",
        "childTemplates": [],
        "parentTemplates": [
            "media-manager"
        ],
        "allowPageNum": 0,
        "allowChangeUser": 0,
        "redirectLogin": 0,
        "urlSegments": 0,
        "https": 0,
        "slashUrls": 1,
        "slashPageNum": 0,
        "slashUrlSegments": 0,
        "altFilename": "",
        "guestSearchable": 1,
        "pageClass": "",
        "childNameFormat": "",
        "pageLabelField": "",
        "noGlobal": 0,
        "noMove": 0,
        "noTrash": 0,
        "noSettings": 0,
        "noChangeTemplate": 0,
        "noShortcut": 1,
        "noUnpublish": 0,
        "noLang": 0,
        "compile": 3,
        "nameContentTab": 0,
        "noCacheGetVars": "",
        "noCachePostVars": "",
        "useCacheForUsers": 0,
        "cacheExpire": 0,
        "cacheExpirePages": [],
        "cacheExpireSelector": "",
        "label": "Media Manager: Document",
        "tags": "-mediamanager",
        "titleNames": 0,
        "noPrependTemplateFile": 0,
        "noAppendTemplateFile": 0,
        "prependFile": "",
        "appendFile": "",
        "tabContent": "",
        "tabChildren": "",
        "nameLabel": "",
        "contentType": "",
        "errorAction": 0,
        "ns": "",
        "_exportMode": true,
        "roles": [],
        "fieldgroupFields": [
            "title",
            "media_manager_document"
        ],
        "fieldgroupContexts": {
            "title": [],
            "media_manager_document": []
        }
    },
    "media-manager-image": {
        "name": "media-manager-image",
        "fieldgroups_id": "media-manager-image",
        "flags": 0,
        "cache_time": 0,
        "useRoles": 1,
        "editRoles": [],
        "addRoles": [],
        "createRoles": [],
        "rolesPermissions": [],
        "noInherit": 0,
        "childrenTemplatesID": 0,
        "sortfield": "",
        "noChildren": 1,
        "noParents": "",
        "childTemplates": [],
        "parentTemplates": [
            "media-manager"
        ],
        "allowPageNum": 0,
        "allowChangeUser": 0,
        "redirectLogin": 0,
        "urlSegments": 0,
        "https": 0,
        "slashUrls": 1,
        "slashPageNum": 0,
        "slashUrlSegments": 0,
        "altFilename": "",
        "guestSearchable": 1,
        "pageClass": "",
        "childNameFormat": "",
        "pageLabelField": "",
        "noGlobal": 0,
        "noMove": 0,
        "noTrash": 0,
        "noSettings": 0,
        "noChangeTemplate": 0,
        "noShortcut": 1,
        "noUnpublish": 0,
        "noLang": 0,
        "compile": 3,
        "nameContentTab": 0,
        "noCacheGetVars": "",
        "noCachePostVars": "",
        "useCacheForUsers": 0,
        "cacheExpire": 0,
        "cacheExpirePages": [],
        "cacheExpireSelector": "",
        "label": "Media Manager: Image",
        "tags": "-mediamanager",
        "titleNames": 0,
        "noPrependTemplateFile": 0,
        "noAppendTemplateFile": 0,
        "prependFile": "",
        "appendFile": "",
        "tabContent": "",
        "tabChildren": "",
        "nameLabel": "",
        "contentType": "",
        "errorAction": 0,
        "ns": "",
        "_exportMode": true,
        "roles": [],
        "fieldgroupFields": [
            "title",
            "media_manager_image"
        ],
        "fieldgroupContexts": {
            "title": [],
            "media_manager_image": []
        }
    },
    "media-manager-settings": {
        "name": "media-manager-settings",
        "fieldgroups_id": "media-manager-settings",
        "flags": 0,
        "cache_time": 0,
        "useRoles": 1,
        "editRoles": [],
        "addRoles": [],
        "createRoles": [],
        "rolesPermissions": [],
        "noInherit": 0,
        "childrenTemplatesID": 0,
        "sortfield": "",
        "noChildren": 1,
        "noParents": 1,
        "childTemplates": [],
        "parentTemplates": [],
        "allowPageNum": 0,
        "allowChangeUser": 0,
        "redirectLogin": 0,
        "urlSegments": 0,
        "https": 0,
        "slashUrls": 1,
        "slashPageNum": 0,
        "slashUrlSegments": 0,
        "altFilename": "",
        "guestSearchable": 1,
        "pageClass": "",
        "childNameFormat": "",
        "pageLabelField": "",
        "noGlobal": 0,
        "noMove": 0,
        "noTrash": 0,
        "noSettings": 0,
        "noChangeTemplate": 0,
        "noShortcut": 0,
        "noUnpublish": 0,
        "noLang": 0,
        "compile": 3,
        "nameContentTab": 0,
        "noCacheGetVars": "",
        "noCachePostVars": "",
        "useCacheForUsers": 0,
        "cacheExpire": 0,
        "cacheExpirePages": [],
        "cacheExpireSelector": "",
        "label": "Media Manager: Settings",
        "tags": "-mediamanager",
        "titleNames": 0,
        "noPrependTemplateFile": 0,
        "noAppendTemplateFile": 0,
        "prependFile": "",
        "appendFile": "",
        "tabContent": "",
        "tabChildren": "",
        "nameLabel": "",
        "contentType": "",
        "errorAction": 0,
        "ns": "",
        "_exportMode": true,
        "roles": [],
        "fieldgroupFields": [
            "title",
            "media_manager_settings"
        ],
        "fieldgroupContexts": {
            "title": [],
            "media_manager_settings": []
        }
    },
    "media-manager-video": {
        "name": "media-manager-video",
        "fieldgroups_id": "media-manager-video",
        "flags": 0,
        "cache_time": 0,
        "useRoles": 1,
        "editRoles": [],
        "addRoles": [],
        "createRoles": [],
        "rolesPermissions": [],
        "noInherit": 0,
        "childrenTemplatesID": 0,
        "sortfield": "",
        "noChildren": 1,
        "noParents": "",
        "childTemplates": [],
        "parentTemplates": [
            "media-manager"
        ],
        "allowPageNum": 0,
        "allowChangeUser": 0,
        "redirectLogin": 0,
        "urlSegments": 0,
        "https": 0,
        "slashUrls": 1,
        "slashPageNum": 0,
        "slashUrlSegments": 0,
        "altFilename": "",
        "guestSearchable": 1,
        "pageClass": "",
        "childNameFormat": "",
        "pageLabelField": "",
        "noGlobal": 0,
        "noMove": 0,
        "noTrash": 0,
        "noSettings": 0,
        "noChangeTemplate": 0,
        "noShortcut": 1,
        "noUnpublish": 0,
        "noLang": 0,
        "compile": 3,
        "nameContentTab": 0,
        "noCacheGetVars": "",
        "noCachePostVars": "",
        "useCacheForUsers": 0,
        "cacheExpire": 0,
        "cacheExpirePages": [],
        "cacheExpireSelector": "",
        "label": "Media Manager: Video",
        "tags": "-mediamanager",
        "titleNames": 0,
        "noPrependTemplateFile": 0,
        "noAppendTemplateFile": 0,
        "prependFile": "",
        "appendFile": "",
        "tabContent": "",
        "tabChildren": "",
        "nameLabel": "",
        "contentType": "",
        "errorAction": 0,
        "ns": "",
        "_exportMode": true,
        "roles": [],
        "fieldgroupFields": [
            "title",
            "media_manager_video"
        ],
        "fieldgroupContexts": {
            "title": [],
            "media_manager_video": []
        }
    }
}